active,cases,continent,country,countryInfo,critical,deaths,population,recovered,tests,cfr,recovery_rate,active_rate,tests_per_capita
-0.25792226962672643,-0.3062623388788327,Asia,Afghanistan,"{""_id"": 4, ""iso2"": ""AF"", ""iso3"": ""AFG"", ""lat"": 33, ""long"": 65, ""flag"": ""https://disease.sh/assets/img/flags/af.png""}",-0.2274318788750623,0.3849404172856355,0.18409418494571803,-0.21033688944315806,-0.2287868856191132,0.03414554989025255,0.9013810243664967,0.06447342574325074,0.03412466898042979
-0.307570255780886,-0.15747045869943405,Europe,Albania,"{""_id"": 8, ""iso2"": ""AL"", ""iso3"": ""ALB"", ""lat"": 41, ""long"": 20, ""flag"": ""https://disease.sh/assets/img/flags/al.png""}",-0.2274318788750623,-0.15488774191591712,-0.16540645950422875,-0.027763752763758323,-0.20352914386081963,0.010765596676849936,0.9861734500377767,0.0030609532853734214,0.6771733207180919
-0.021659523037934798,-0.2503506744619875,Africa,Algeria,"{""_id"": 12, ""iso2"": ""DZ"", ""iso3"": ""DZA"", ""lat"": 28, ""long"": 3, ""flag"": ""https://disease.sh/assets/img/flags/dz.png""}",-0.2274318788750623,0.24786266790970035,0.22648809563571323,-0.25326922615830666,-0.28201796811384544,0.025296864085879195,0.6729936399397081,0.3017094959744127,0.0050928168966504804
-0.1423768391910671,-0.5813564169044032,Europe,Andorra,"{""_id"": 20, ""iso2"": ""AD"", ""iso3"": ""AND"", ""lat"": 42.5, ""long"": 1.6, ""flag"": ""https://disease.sh/assets/img/flags/ad.png""}",-0.2274318788750623,-0.5778002601699233,-0.19113296477350852,-0.5337659066755206,-0.28115150633665204,0.003436426116838488,0.0,0.9965635738831615,3.225255928636898
-0.3042328725007158,-0.49370886854062473,Africa,Angola,"{""_id"": 24, ""iso2"": ""AO"", ""iso3"": ""AGO"", ""lat"": -12.5, ""long"": 18.5, ""flag"": ""https://disease.sh/assets/img/flags/ao.png""}",-0.2274318788750623,-0.35995113739489454,0.13126465636990392,-0.37530131726319493,-0.22378102410149509,0.01804764877430656,0.96358791357254,0.018364437653153445,0.042817835198062267
-0.2974557971506028,-0.6465408822044206,North America,Anguilla,"{""_id"": 660, ""iso2"": ""AI"", ""iso3"": ""AIA"", ""lat"": 18.25, ""long"": -63.1667, ""flag"": ""https://disease.sh/assets/img/flags/ai.png""}",-0.2274318788750623,-0.5966100320573834,-0.19170703745005613,-0.5337659066755206,-0.29026023281481117,0.0030737704918032786,0.0,0.9969262295081968,3.373736047275115
-0.311165174980139,-0.638853693328841,North America,Antigua and Barbuda,"{""_id"": 28, ""iso2"": ""AG"", ""iso3"": ""ATG"", ""lat"": 17.05, ""long"": -61.8, ""flag"": ""https://disease.sh/assets/img/flags/ag.png""}",-0.2274318788750623,-0.5801361141951634,-0.19092959989913047,-0.5200460686032325,-0.29175104460552087,0.01603338458159455,0.9833077092027235,0.000658906215681968,0.18994261825563516
-0.2833442399405809,0.015377505237280958,Asia,Armenia,"{""_id"": 51, ""iso2"": ""AM"", ""iso3"": ""ARM"", ""lat"": 40, ""long"": 45, ""flag"": ""https://disease.sh/assets/img/flags/am.png""}",-0.2274318788750623,0.48095631169155956,-0.1644324186888733,0.13301454621849756,-0.14377600648329258,0.019425404631377662,0.9631078876836693,0.017466707684953002,1.091163559744627
-0.30591567569801087,-0.5869585186013124,North America,Aruba,"{""_id"": 533, ""iso2"": ""AW"", ""iso3"": ""ABW"", ""lat"": 12.5, ""long"": -69.9667, ""flag"": ""https://disease.sh/assets/img/flags/aw.png""}",-0.13616940518634305,-0.562186920106476,-0.19085488088060276,-0.46873994195452856,-0.28445400258913617,0.0066027496382054995,0.9596146888567294,0.033782561505065124,1.653068051928742
-0.3085580647855875,0.5819463780676991,Asia,Azerbaijan,"{""_id"": 31, ""iso2"": ""AZ"", ""iso3"": ""AZE"", ""lat"": 40.5, ""long"": 47.5, ""flag"": ""https://disease.sh/assets/img/flags/az.png""}",-0.2274318788750623,0.6804874213212839,-0.09683256367448184,0.7289510507908449,0.06300116318833231,0.012451600389830874,0.9866564340053207,0.0008919656048484617,0.7522228926511657
-0.3081029670655643,-0.5960318249634922,North America,Bahamas,"{""_id"": 44, ""iso2"": ""BS"", ""iso3"": ""BHS"", ""lat"": 24.25, ""long"": -76, ""flag"": ""https://disease.sh/assets/img/flags/bs.png""}",-0.18180064203070267,-0.4943242136889726,-0.18815293970036828,-0.47804381249003597,-0.2807842767212625,0.022161537653607816,0.954889192311732,0.022949270034660223,0.6437670405177321
-0.31097466895780373,0.4257717228743836,Asia,Bahrain,"{""_id"": 48, ""iso2"": ""BH"", ""iso3"": ""BHR"", ""lat"": 26, ""long"": 50.55, ""flag"": ""https://disease.sh/assets/img/flags/bh.png""}",-0.2274318788750623,-0.40457824324553526,-0.1753910512552459,0.5815876705402042,0.20989755324266032,0.002157497303128371,0.997760260105901,8.224259097058593e-05,6.137137517566031
6.814740813586013,2.3761306462266396,Asia,Bangladesh,"{""_id"": 50, ""iso2"": ""BD"", ""iso3"": ""BGD"", ""lat"": 24, ""long"": 90, ""flag"": ""https://disease.sh/assets/img/flags/bd.png""}",-0.2274318788750623,3.027774837316557,1.3568257941892155,-0.5337659066755206,0.40752730445190244,0.014391202789921035,0.0,0.985608797210079,0.09086181848412345
-0.30666006034083954,-0.4889047449276856,North America,Barbados,"{""_id"": 52, ""iso2"": ""BB"", ""iso3"": ""BRB"", ""lat"": 13.1667, ""long"": -59.5333, ""flag"": ""https://disease.sh/assets/img/flags/bb.png""}",-0.2274318788750623,-0.5184203920546079,-0.1891906392745953,-0.3672906724740591,-0.25525032101153605,0.005860116840601204,0.9825372135506159,0.01160266960878294,2.826715227603351
-0.3065048332115293,0.8166154774542163,Europe,Belarus,"{""_id"": 112, ""iso2"": ""BY"", ""iso3"": ""BLR"", ""lat"": 53, ""long"": 28, ""flag"": ""https://disease.sh/assets/img/flags/by.png""}",-0.2274318788750623,0.27699937338243275,-0.104834001978931,0.9764153134878236,0.33373448455695287,0.007160699249625517,0.9915043403816961,0.0013349603686784294,1.4467221821728438
-0.061690482953464416,-0.5467862330221832,North America,Belize,"{""_id"": 84, ""iso2"": ""BZ"", ""iso3"": ""BLZ"", ""lat"": 17.25, ""long"": -88.75, ""flag"": ""https://disease.sh/assets/img/flags/bz.png""}",-0.2274318788750623,-0.5135028046330496,-0.18804525206798647,-0.5337659066755206,-0.26618060001387533,0.009634639891330225,0.0,0.9903653601086698,1.3974526310681967
-0.31109461719408893,-0.610880128274108,Africa,Benin,"{""_id"": 204, ""iso2"": ""BJ"", ""iso3"": ""BEN"", ""lat"": 9.5, ""long"": 2.25, ""flag"": ""https://disease.sh/assets/img/flags/bj.png""}",-0.2274318788750623,-0.5780461395410011,-0.07391392532491234,-0.491097118335225,-0.26488196300127287,0.005813953488372093,0.9932586674275931,0.0009273790840348124,0.04726812291479692
-0.31115106342292903,-0.6244398447528312,North America,Bermuda,"{""_id"": 60, ""iso2"": ""BM"", ""iso3"": ""BMU"", ""lat"": 32.3333, ""long"": -64.75, ""flag"": ""https://disease.sh/assets/img/flags/bm.png""}",-0.2274318788750623,-0.5778002601699233,-0.19127616700111646,-0.505135666070126,-0.24536394531783573,0.008748674443266172,0.9907211028632026,0.0005302226935312832,16.62212822292901
-0.307263329411568,-0.559660279443569,Asia,Bhutan,"{""_id"": 64, ""iso2"": ""BT"", ""iso3"": ""BTN"", ""lat"": 27.5, ""long"": 90.5, ""flag"": ""https://disease.sh/assets/img/flags/bt.png""}",-0.2274318788750623,-0.5955035748875328,-0.18457911059504697,-0.4394339755740749,-0.1868818602761396,0.00033494425570601463,0.9819289599183374,0.017736095825956585,2.923739213976681
-0.2668090227797377,1.1389010927234688,South America,Bolivia,"{""_id"": 68, ""iso2"": ""BO"", ""iso3"": ""BOL"", ""lat"": -17, ""long"": -65, ""flag"": ""https://disease.sh/assets/img/flags/bo.png""}",9.811440226884057,2.1566242255875196,-0.08122043063420276,1.2699239288844066,-0.16822309838944136,0.018485625728572243,0.9711367830704767,0.010377591200951053,0.22599339128880208
-0.282458739725652,-0.05587307123810249,Europe,Bosnia,"{""_id"": 70, ""iso2"": ""BA"", ""iso3"": ""BIH"", ""lat"": 44, ""long"": 18, ""flag"": ""https://disease.sh/assets/img/flags/ba.png""}",-0.2274318788750623,1.416650258328548,-0.1618739749224928,0.0470885824684671,-0.20611370414980873,0.04060304993620158,0.9392217831349182,0.020175166928880245,0.5800360506531065
-0.30840636554557976,-0.1637138983379046,Africa,Botswana,"{""_id"": 72, ""iso2"": ""BW"", ""iso3"": ""BWA"", ""lat"": -22, ""long"": 24, ""flag"": ""https://disease.sh/assets/img/flags/bw.png""}",-0.18180064203070267,-0.25373124908923717,-0.16932885744326695,-0.03264246221452506,-0.199588069225769,0.008471500553475403,0.9891452283161645,0.002383271130360092,0.8303004880462664
-0.285333969507194,-0.6413865348768502,North America,British Virgin Islands,"{""_id"": 92, ""iso2"": ""VG"", ""iso3"": ""VGB"", ""lat"": 18.5, ""long"": -64.5, ""flag"": ""https://disease.sh/assets/img/flags/vg.png""}",-0.2274318788750623,-0.5902171684093578,-0.19156529270453798,-0.5337659066755206,-0.28769192040531816,0.008658008658008658,0.0,0.9913419913419913,3.5082690547784026
0.04122510377922528,-0.1443836181223228,Asia,Brunei,"{""_id"": 96, ""iso2"": ""BN"", ""iso3"": ""BRN"", ""lat"": 4.5, ""long"": 114.6667, ""flag"": ""https://disease.sh/assets/img/flags/bn.png""}",-0.0905381683419834,-0.570423879037586,-0.18773861813034695,-0.16050632724203212,-0.25967373735738897,0.0006546044879683695,0.7087213683270346,0.290624027184997,1.611437012691079
-0.2824022934968119,1.327637686954346,Europe,Bulgaria,"{""_id"": 100, ""iso2"": ""BG"", ""iso3"": ""BGR"", ""lat"": 43, ""long"": 25, ""flag"": ""https://disease.sh/assets/img/flags/bg.png""}",0.7764553317008497,4.165581626979588,-0.12870906221479572,1.4473578722541733,0.24305855733480708,0.02891963360104967,0.9649908833146372,0.0060894830843131065,1.7051468479444443
-0.3107700513782584,-0.6196312879283145,Africa,Burkina Faso,"{""_id"": 854, ""iso2"": ""BF"", ""iso3"": ""BFA"", ""lat"": 13, ""long"": -2, ""flag"": ""https://disease.sh/assets/img/flags/bf.png""}",-0.2274318788750623,-0.5489094340682688,0.01204165284439425,-0.5006752630515388,-0.2811901983208757,0.01808808899339785,0.9765759247535498,0.005335986253052365,0.011265295434007162
-0.307256273632963,-0.5714467112912474,Africa,Burundi,"{""_id"": 108, ""iso2"": ""BI"", ""iso3"": ""BDI"", ""lat"": -3.5, ""long"": 30, ""flag"": ""https://disease.sh/assets/img/flags/bi.png""}",-0.2274318788750623,-0.5934136002333706,-0.07538880495408805,-0.4516843782307583,-0.2767497079321625,0.0006944317538056687,0.978947753147786,0.02035781509840829,0.027385852018718654
-0.31011033607868993,-0.5570299072408524,Africa,Cabo Verde,"{""_id"": 132, ""iso2"": ""CV"", ""iso3"": ""CPV"", ""lat"": 16, ""long"": -24, ""flag"": ""https://disease.sh/assets/img/flags/cv.png""}",0.8220865685452092,-0.5468194594141066,-0.18661094209850024,-0.4360767983106861,-0.27418492966594976,0.006467422491741241,0.9888022085394792,0.004730368968779565,0.7074820584909051
-0.31117575864804653,-0.4467522915105562,Asia,Cambodia,"{""_id"": 116, ""iso2"": ""KH"", ""iso3"": ""KHM"", ""lat"": 13, ""long"": 105, ""flag"": ""https://disease.sh/assets/img/flags/kh.png""}",-0.2274318788750623,-0.22238162927680358,-0.033474212155663104,-0.32531140023076255,-0.15072867607069745,0.021969332077669067,0.9780091011696369,2.1566752694046857e-05,0.1800620305430151
-0.31074535615314086,-0.4670327567409395,Africa,Cameroon,"{""_id"": 120, ""iso2"": ""CM"", ""iso3"": ""CMR"", ""lat"": 6, ""long"": 12, ""flag"": ""https://disease.sh/assets/img/flags/cm.png""}",-0.2274318788750623,-0.3554023690299532,0.06562450594466102,-0.3448691412576428,-0.21221570085986946,0.015744263393391238,0.9832587594413738,0.0009969771652350076,0.06276162110392444
-0.3070657676106277,-0.6350470423208646,North America,Caribbean Netherlands,"{""_id"": 535, ""iso2"": ""BQ"", ""iso3"": ""BES"", ""lat"": 12.2, ""long"": -68.26, ""flag"": ""https://disease.sh/assets/img/flags/bq.png""}",-0.2274318788750623,-0.5934136002333706,-0.1916017205322128,-0.5177139719373823,-0.2912358399520091,0.0032528676596473207,0.8967642526964561,0.0999828796438966,1.1305587871054903
-0.2304611792960238,-0.6058026232805495,North America,Cayman Islands,"{""_id"": 136, ""iso2"": ""KY"", ""iso3"": ""CYM"", ""lat"": 19.5, ""long"": -80.5, ""flag"": ""https://disease.sh/assets/img/flags/ky.png""}",-0.18180064203070267,-0.5935365399189095,-0.19122692624544968,-0.5206605040585583,-0.28239373475066515,0.001175648195221149,0.2717653787493645,0.7270589730554143,3.311280229498937
-0.31073830037453587,-0.6294937059513092,Africa,Central African Republic,"{""_id"": 140, ""iso2"": ""CF"", ""iso3"": ""CAF"", ""lat"": 7, ""long"": 21, ""flag"": ""https://disease.sh/assets/img/flags/cf.png""}",-0.13616940518634305,-0.584193123817949,-0.14557082932938512,-0.5104755851768855,-0.2888873328953595,0.007318652849740932,0.9844559585492227,0.00822538860103627,0.016204747444424378
-0.30189740978245716,-0.6409299140843561,Africa,Chad,"{""_id"": 148, ""iso2"": ""TD"", ""iso3"": ""TCD"", ""lat"": 15, ""long"": 19, ""flag"": ""https://disease.sh/assets/img/flags/td.png""}",-0.2274318788750623,-0.5742350092892936,-0.031214736709095373,-0.526297681216024,-0.2838363995764275,0.025191533567069213,0.6329048175561616,0.3419036488767693,0.010988033477320573
-0.3105936569131332,-0.5019989741907596,Europe,Channel Islands,"{""_id"": 832, ""iso2"": ""JE"", ""iso3"": ""JEY"", ""lat"": 49.21, ""long"": -2.13, ""flag"": ""https://disease.sh/assets/img/flags/je.png""}",-0.2274318788750623,-0.5700550599809691,-0.19021973232483635,-0.37851599453320395,-0.23511722470344756,0.0022415132180461476,0.9961068454633936,0.0016516413185603193,7.099550614009736
0.10855134322823976,0.09143811627437366,Asia,China,"{""_id"": 156, ""iso2"": ""CN"", ""iso3"": ""CHN"", ""lat"": 35, ""long"": 105, ""flag"": ""https://disease.sh/assets/img/flags/cn.png""}",-0.2274318788750623,0.05005271387752131,13.169678567836664,0.04704108247067384,7.05105578646178,0.01047482426058311,0.7531323141970427,0.23639286154237416,0.11046127662582775
-0.3111545913122315,-0.6388492601172634,Africa,Comoros,"{""_id"": 174, ""iso2"": ""KM"", ""iso3"": ""COM"", ""lat"": -12.1667, ""long"": 44.25, ""flag"": ""https://disease.sh/assets/img/flags/km.png""}",-0.2274318788750623,-0.578292018912079,-0.18347697739805252,-0.5200690524731325,-0.2926185620359018,0.017674827094082777,0.9813371390932045,0.0009880338127127017,0.0
-0.3077184271315912,-0.61481238694345,Africa,Congo,"{""_id"": 178, ""iso2"": ""CG"", ""iso3"": ""COG"", ""lat"": -1, ""long"": 15, ""flag"": ""https://disease.sh/assets/img/flags/cg.png""}",-0.2274318788750623,-0.5506305896658141,-0.13836526849166864,-0.4969825212876104,-0.27665456145138484,0.015211822660098523,0.9460492610837439,0.038738916256157635,0.05999080686570176
-0.3110064199615263,-0.6416658272062397,Australia-Oceania,Cook Islands,"{""_id"": 184, ""iso2"": ""CK"", ""iso3"": ""COK"", ""lat"": -21.2333, ""long"": -159.7667, ""flag"": ""https://disease.sh/assets/img/flags/ck.png""}",-0.2274318788750623,-0.597839428912773,-0.1916854427312446,-0.5228102620232021,-0.29171483111138985,0.00027766208524226016,0.9926419547410801,0.007080383173677634,1.1205964373114792
4.026194800095913,1.1784335180982295,North America,Costa Rica,"{""_id"": 188, ""iso2"": ""CR"", ""iso3"": ""CRI"", ""lat"": 10, ""long"": -84, ""flag"": ""https://disease.sh/assets/img/flags/cr.png""}",-0.2274318788750623,0.5609900469774194,-0.14404253943881737,-0.5337659066755206,-0.07874519984132364,0.007610081016528599,0.0,0.9923899189834714,0.8991583747463026
-0.19614540005055306,1.2831238095035418,Europe,Croatia,"{""_id"": 191, ""iso2"": ""HR"", ""iso3"": ""HRV"", ""lat"": 45.1667, ""long"": 15.5, ""flag"": ""https://disease.sh/assets/img/flags/hr.png""}",-0.2274318788750623,1.6992885953826062,-0.1544023590313965,1.394476584388325,-0.032832226528763386,0.014267847980649418,0.9608346160424149,0.02489753597693567,1.3943545736861114
-0.3109711410685012,0.9957379135104452,North America,Cuba,"{""_id"": 192, ""iso2"": ""CU"", ""iso3"": ""CUB"", ""lat"": 21.5, ""long"": -80, ""flag"": ""https://disease.sh/assets/img/flags/cu.png""}",-0.2274318788750623,0.4505902093634376,-0.08755774725205692,1.1619227242244528,0.3684348604864388,0.007648502444741139,0.992296801347858,5.469620740084519e-05,1.2739357270151248
-0.30776076180322126,-0.5843547456680616,North America,Curaçao,"{""_id"": 531, ""iso2"": ""CW"", ""iso3"": ""CUW"", ""lat"": 12.15, ""long"": -68.97, ""flag"": ""https://disease.sh/assets/img/flags/cw.png""}",-0.0905381683419834,-0.5618181010498591,-0.1903205937752786,-0.4652433292137466,-0.2698213642660371,0.006414995868307746,0.972469882138042,0.021115121993650243,3.000640371173631
-0.31118634231595405,0.3541916110050643,Asia,Cyprus,"{""_id"": 196, ""iso2"": ""CY"", ""iso3"": ""CYP"", ""lat"": 35, ""long"": 33, ""flag"": ""https://disease.sh/assets/img/flags/cy.png""}",-0.2274318788750623,-0.43027263752317696,-0.18056230840469856,0.5077788030014374,0.1498432334209155,0.0020040815727268724,0.9979959184272731,0.0,7.879859766369922
-0.3110028920722238,-0.5217016441788608,Africa,Côte d'Ivoire,"{""_id"": 384, ""iso2"": ""CI"", ""iso3"": ""CIV"", ""lat"": 8, ""long"": -5, ""flag"": ""https://disease.sh/assets/img/flags/ci.png""}",-0.2274318788750623,-0.49543067085882325,0.06406324744023918,-0.39969792903301526,-0.21500813303088573,0.009447411296162202,0.9899642469225199,0.0005883417813178856,0.06095147561315937
-0.26397965555912833,-0.505514510971806,Africa,DRC,"{""_id"": 180, ""iso2"": ""CD"", ""iso3"": ""COD"", ""lat"": 0, ""long"": 25, ""flag"": ""https://disease.sh/assets/img/flags/cd.png""}",-0.2274318788750623,-0.41760984991266453,0.6867078429685471,-0.40430696107695574,-0.25375657175108696,0.014777829229499285,0.8505204453482051,0.1347017254222956,0.008890140266788206
-0.31118634231595405,4.052444684960028,Europe,Denmark,"{""_id"": 208, ""iso2"": ""DK"", ""iso3"": ""DNK"", ""lat"": 56, ""long"": 10, ""flag"": ""https://disease.sh/assets/img/flags/dk.png""}",-0.2274318788750623,0.4855050800565009,-0.1380226218320128,4.33106435118762,5.643507814760385,0.0027684282338219387,0.997231571766178,0.0,22.165246831592388
-0.3109252785075687,-0.6291242716531747,Africa,Djibouti,"{""_id"": 262, ""iso2"": ""DJ"", ""iso3"": ""DJI"", ""lat"": 11.5, ""long"": 43, ""flag"": ""https://disease.sh/assets/img/flags/dj.png""}",-0.2274318788750623,-0.5748497077169883,-0.18247446955909502,-0.5101277626123992,-0.278576492824316,0.012045889101338431,0.9832377310388782,0.0047163798597833016,0.30109428528969184
-0.31118634231595405,-0.6286100191101718,North America,Dominica,"{""_id"": 212, ""iso2"": ""DM"", ""iso3"": ""DMA"", ""lat"": 15.4167, ""long"": -61.3333, ""flag"": ""https://disease.sh/assets/img/flags/dm.png""}",-0.2274318788750623,-0.5889877715539682,-0.191180185348304,-0.5093049400699804,-0.2820921392247653,0.0046140416510786885,0.9953859583489213,0.0,3.170186884883335
-0.31051604334847804,0.34647782286001905,North America,Dominican Republic,"{""_id"": 214, ""iso2"": ""DO"", ""iso3"": ""DOM"", ""lat"": 19, ""long"": -70.6667, ""flag"": ""https://disease.sh/assets/img/flags/do.png""}",-0.04490693149762377,-0.05911772688107097,-0.0898572665578134,0.4948634003756482,-0.12091758082854724,0.0064862625575167554,0.993232626610839,0.00028111083164420245,0.3383504712667901
-0.31118634231595405,0.9291466424031322,South America,Ecuador,"{""_id"": 218, ""iso2"": ""EC"", ""iso3"": ""ECU"", ""lat"": -2, ""long"": -77.5, ""flag"": ""https://disease.sh/assets/img/flags/ec.png""}",-0.2274318788750623,3.833029777596714,-0.024759557757941367,1.0508110358380363,-0.15114253801819996,0.03367912927448261,0.9663208707255174,0.0,0.17017289060820903
-0.13751540773221457,0.11023641110064197,Africa,Egypt,"{""_id"": 818, ""iso2"": ""EG"", ""iso3"": ""EGY"", ""lat"": 27, ""long"": 30, ""flag"": ""https://disease.sh/assets/img/flags/eg.png""}",5.339579016136813,2.427829171886455,0.7874023286903686,0.143770997331683,-0.12310053392660285,0.04769748635235251,0.8569036651467086,0.09539884850093891,0.0347916549622703
-0.24692583867081686,-0.354021327204449,North America,El Salvador,"{""_id"": 222, ""iso2"": ""SV"", ""iso3"": ""SLV"", ""lat"": 13.8333, ""long"": -88.9167, ""flag"": ""https://disease.sh/assets/img/flags/sv.png""}",-0.2274318788750623,-0.07805043845407009,-0.13142300456084557,-0.2588635000919591,-0.1728196418580601,0.020955636471724753,0.8888063213692997,0.0902380421589755,0.39846702234019993
-0.3106959657029058,-0.6268500341138596,Africa,Equatorial Guinea,"{""_id"": 226, ""iso2"": ""GQ"", ""iso3"": ""GNQ"", ""lat"": 2, ""long"": 10, ""flag"": ""https://disease.sh/assets/img/flags/gq.png""}",0.0007243053467358646,-0.5755873458302221,-0.17804146398640683,-0.507860020782269,-0.27583381404701085,0.01062162632770329,0.981310580997156,0.008067792675140751,0.24434174182280302
-0.31118634231595405,-0.637253303949323,Africa,Eritrea,"{""_id"": 232, ""iso2"": ""ER"", ""iso3"": ""ERI"", ""lat"": 15, ""long"": 39, ""flag"": ""https://disease.sh/assets/img/flags/er.png""}",-0.2274318788750623,-0.5854225206733384,-0.15806490082822164,-0.5183115525547816,-0.29153110155878337,0.010108941014819904,0.9898910589851802,0.0,0.006469530703033441
1.8939878961118402,0.27581243031288044,Europe,Estonia,"{""_id"": 233, ""iso2"": ""EE"", ""iso3"": ""EST"", ""lat"": 59, ""long"": 26, ""flag"": ""https://disease.sh/assets/img/flags/ee.png""}",-0.2274318788750623,-0.2291433119814461,-0.17965347607600637,-0.5337659066755206,0.027203183331534046,0.004778129826293247,0.0,0.9952218701737068,5.2712385865906155
-0.2920934054107944,0.08826836999638092,Africa,Ethiopia,"{""_id"": 231, ""iso2"": ""ET"", ""iso3"": ""ETH"", ""lat"": 8, ""long"": 38, ""flag"": ""https://disease.sh/assets/img/flags/et.png""}",-0.2274318788750623,0.33305986998819637,0.9225976847220225,0.21423801018699437,-0.037180783294226284,0.015113028452161698,0.9740879604594967,0.010799011088341578,0.046065853110903957
-0.31118634231595405,-0.6494579354224894,South America,Falkland Islands (Malvinas),"{""_id"": 238, ""iso2"": ""FK"", ""iso3"": ""FLK"", ""lat"": -51.75, ""long"": -59, ""flag"": ""https://disease.sh/assets/img/flags/fk.png""}",-0.2274318788750623,-0.5980853082838509,-0.19181488190013116,-0.5308086487483913,-0.2922223708048004,0.0,1.0,0.0,2.4391070923989826
-0.1890155357701895,-0.6010945525851252,Europe,Faroe Islands,"{""_id"": 234, ""iso2"": ""FO"", ""iso3"": ""FRO"", ""lat"": 62, ""long"": -7, ""flag"": ""https://disease.sh/assets/img/flags/fo.png""}",-0.2274318788750623,-0.5946429970887601,-0.1913933743899329,-0.5337659066755206,-0.25690994551633184,0.0008078942812626233,0.0,0.9991921057187374,15.802408953344301
-0.30763728567763354,-0.5501732066674789,Australia-Oceania,Fiji,"{""_id"": 242, ""iso2"": ""FJ"", ""iso3"": ""FJI"", ""lat"": -18, ""long"": 175, ""flag"": ""https://disease.sh/assets/img/flags/fj.png""}",-0.2274318788750623,-0.4892836865818755,-0.18345809470287644,-0.43075833081583326,-0.2617346018694008,0.012804375189895394,0.9726405949332292,0.014555029876875443,0.7398660312754958
-0.31058660113452813,1.5881125109341439,Europe,Finland,"{""_id"": 246, ""iso2"": ""FI"", ""iso3"": ""FIN"", ""lat"": 64, ""long"": 26, ""flag"": ""https://disease.sh/assets/img/flags/fi.png""}",-0.2274318788750623,0.8720274513909763,-0.14060540923912104,1.7707332604567694,0.26315883659815076,0.007887254083952624,0.9920006173666016,0.00011212854944572219,2.1798495398706743
-0.006493126926463764,-0.507431136110527,South America,French Guiana,"{""_id"": 254, ""iso2"": ""GF"", ""iso3"": ""GUF"", ""lat"": 4, ""long"": -53, ""flag"": ""https://disease.sh/assets/img/flags/gf.png""}",0.0463555421910955,-0.5464506403574897,-0.18894945366244398,-0.5165218752185706,-0.2627271912535296,0.004283922032619006,0.11478871084546262,0.8809273671219184,2.0729511823254363
-0.033880131581813765,-0.5351933847467273,Australia-Oceania,French Polynesia,"{""_id"": 258, ""iso2"": ""PF"", ""iso3"": ""PYF"", ""lat"": -15, ""long"": -140, ""flag"": ""https://disease.sh/assets/img/flags/pf.png""}",-0.2274318788750623,-0.51817451268353,-0.18922623689095314,-0.5337659066755206,-0.2926185620359018,0.008201478789714084,0.0,0.9917985212102859,0.0
-0.31093939006477866,-0.5798254811729344,Africa,Gabon,"{""_id"": 266, ""iso2"": ""GA"", ""iso3"": ""GAB"", ""lat"": -1, ""long"": 11.75, ""flag"": ""https://disease.sh/assets/img/flags/ga.png""}",-0.2274318788750623,-0.5603428248233916,-0.17034013784847382,-0.45918478110811484,-0.2181762400427923,0.006258791869686653,0.992314122036248,0.0014270860940653605,0.6956405935493943
-0.3109570295112912,-0.6336520584111094,Africa,Gambia,"{""_id"": 270, ""iso2"": ""GM"", ""iso3"": ""GMB"", ""lat"": 13.4667, ""long"": -16.5667, ""flag"": ""https://disease.sh/assets/img/flags/gm.png""}",-0.2274318788750623,-0.5523517452633595,-0.1682466308687395,-0.5150892139948059,-0.28547289150702554,0.02946301283066688,0.9653888800887058,0.005148107080627277,0.06085092644779209
6.196121896502376,2.0987416423410585,Asia,Georgia,"{""_id"": 268, ""iso2"": ""GE"", ""iso3"": ""GEO"", ""lat"": 42, ""long"": 43.5, ""flag"": ""https://disease.sh/assets/img/flags/ge.png""}",-0.2274318788750623,1.5081173843695308,-0.15523762541283453,-0.5337659066755206,0.48397862625693755,0.009202514953012492,0.0,0.9907974850469875,4.263339882854449
-0.31117928653734905,-0.39830319991602486,Africa,Ghana,"{""_id"": 288, ""iso2"": ""GH"", ""iso3"": ""GHA"", ""lat"": 8, ""long"": -2, ""flag"": ""https://disease.sh/assets/img/flags/gh.png""}",-0.2274318788750623,-0.4183474880258983,0.10698657466249893,-0.2726308381620405,-0.1759631475608992,0.008505489007440848,0.9914828755766802,1.163541587885205e-05,0.0784562338229597
-0.23908686864064968,-0.621942468897443,Europe,Gibraltar,"{""_id"": 292, ""iso2"": ""GI"", ""iso3"": ""GIB"", ""lat"": 36.1833, ""long"": -5.3667, ""flag"": ""https://disease.sh/assets/img/flags/gi.png""}",-0.2274318788750623,-0.584193123817949,-0.1915366227403918,-0.5337659066755206,-0.2680960597737869,0.005498783454987835,0.0,0.9945012165450121,15.852213387135059
-0.27876856751523127,-0.6346199762722213,North America,Greenland,"{""_id"": 304, ""iso2"": ""GL"", ""iso3"": ""GRL"", ""lat"": 72, ""long"": -40, ""flag"": ""https://disease.sh/assets/img/flags/gl.png""}",-0.04490693149762377,-0.5955035748875328,-0.19132197621667307,-0.529535342355933,-0.2850487943133998,0.001754239411912121,0.23064071506139838,0.7676050455266895,2.894809822196479
-0.310844137053611,-0.6232088896714475,North America,Grenada,"{""_id"": 308, ""iso2"": ""GD"", ""iso3"": ""GRD"", ""lat"": 12.1167, ""long"": -61.6667, ""flag"": ""https://disease.sh/assets/img/flags/gd.png""}",-0.04490693149762377,-0.5688256631255796,-0.1908007695518764,-0.5041044564406141,-0.2842201065611365,0.012085512618697,0.9829888792972122,0.004925608084090794,1.6125225820665345
0.4022022651008879,-0.3519820498787474,North America,Guadeloupe,"{""_id"": 312, ""iso2"": ""GP"", ""iso3"": ""GLP"", ""lat"": 16.25, ""long"": -61.5833, ""flag"": ""https://disease.sh/assets/img/flags/gp.png""}",-0.2274318788750623,-0.47256388934857757,-0.18815959984004443,-0.5337659066755206,-0.24956448114721172,0.00502374098949492,0.0,0.9949762590105051,2.346305847511468
-0.30725980152226545,1.2558817243591147,North America,Guatemala,"{""_id"": 320, ""iso2"": ""GT"", ""iso3"": ""GTM"", ""lat"": 15.5, ""long"": -90.25, ""flag"": ""https://disease.sh/assets/img/flags/gt.png""}",0.0007243053467358646,1.8962379716160127,-0.020417755510707927,1.412034728733908,0.05592360523903831,0.01571215827856265,0.9834259149550102,0.0008619267664271393,0.4086220438947637
-0.30996216472798466,-0.5953106892135339,Africa,Guinea,"{""_id"": 324, ""iso2"": ""GN"", ""iso3"": ""GIN"", ""lat"": 11, ""long"": -10, ""flag"": ""https://disease.sh/assets/img/flags/gn.png""}",-0.2274318788750623,-0.5405495354516198,-0.06394248781098415,-0.4759124416213122,-0.2623209942661283,0.012133153582909883,0.978870683397283,0.008996163019807114,0.04760721986376301
-0.3093941745502813,-0.6381030028350321,Africa,Guinea-Bissau,"{""_id"": 624, ""iso2"": ""GW"", ""iso3"": ""GNB"", ""lat"": 12, ""long"": -15, ""flag"": ""https://disease.sh/assets/img/flags/gw.png""}",0.0463555421910955,-0.5763249839434558,-0.17281385393767196,-0.5200843750530658,-0.2859527547277352,0.01841065113376326,0.9287497399625546,0.05283960890368213,0.07038544282233844
-0.3082793615306896,-0.5427549659609411,South America,Guyana,"{""_id"": 328, ""iso2"": ""GY"", ""iso3"": ""GUY"", ""lat"": 5, ""long"": -59, ""flag"": ""https://disease.sh/assets/img/flags/gy.png""}",-0.2274318788750623,-0.43826371708320905,-0.18452280381861572,-0.4234234118017565,-0.258965348170547,0.017535103929212134,0.9713503378879642,0.011114558182823692,0.9233960291923002
-0.31092880639687115,-0.6010812529503925,North America,Haiti,"{""_id"": 332, ""iso2"": ""HT"", ""iso3"": ""HTI"", ""lat"": 19, ""long"": -72.4167, ""flag"": ""https://disease.sh/assets/img/flags/ht.png""}",-0.2274318788750623,-0.49235717872034934,-0.08410193729772866,-0.48207671552848386,-0.2865406617572971,0.024807453774482936,0.9730867972423342,0.002105748983182854,0.011337225305243032
1.3237257576976453,0.04900932600223973,North America,Honduras,"{""_id"": 340, ""iso2"": ""HN"", ""iso3"": ""HND"", ""lat"": 15, ""long"": -86.5, ""flag"": ""https://disease.sh/assets/img/flags/hn.png""}",-0.2274318788750623,0.7745362807585847,-0.09756091728743392,-0.5337659066755206,-0.21639755621762147,0.02352556943888409,0.0,0.9764744305611159,0.1624715653579255
-0.2876200417752175,3.688704108228523,Asia,Hong Kong,"{""_id"": 344, ""iso2"": ""HK"", ""iso3"": ""HKG"", ""lat"": 22.25, ""long"": 114.1667, ""flag"": ""https://disease.sh/assets/img/flags/hk.png""}",-0.2274318788750623,1.2366665586995176,-0.12170113779337016,3.934306063168403,3.2014890710390085,0.005080322125919413,0.992645719699252,0.0022739581748285765,10.011143038957306
-0.20877524375352266,2.643386806182992,Europe,Hungary,"{""_id"": 348, ""iso2"": ""HU"", ""iso3"": ""HUN"", ""lat"": 47, ""long"": 20, ""flag"": ""https://disease.sh/assets/img/flags/hu.png""}",-0.2274318788750623,5.431860388030827,-0.10323391725858533,2.7638907949623195,0.23036836677485034,0.021992330842710534,0.9649915345130013,0.013016134644288128,1.1861595653417214
0.4285309029654863,-0.3421240650673304,Europe,Iceland,"{""_id"": 352, ""iso2"": ""IS"", ""iso3"": ""ISL"", ""lat"": 65, ""long"": -18, ""flag"": ""https://disease.sh/assets/img/flags/is.png""}",-0.2274318788750623,-0.5699321202954302,-0.1886614256828749,-0.5337659066755206,-0.20098859971995686,0.0010909645269787428,0.0,0.9989090354730212,5.780036074848072
-0.3088120728153679,2.9911175781705457,Asia,Iraq,"{""_id"": 368, ""iso2"": ""IQ"", ""iso3"": ""IRQ"", ""lat"": 33, ""long"": 44, ""flag"": ""https://disease.sh/assets/img/flags/iq.png""}",-0.2274318788750623,2.521509212267139,0.19710615148865357,3.2041728712821107,0.6044319596151598,0.010291842168769988,0.989435195869473,0.0002729619617569341,0.4635234726270969
-0.31058660113452813,1.9109463667018278,Europe,Ireland,"{""_id"": 372, ""iso2"": ""IE"", ""iso3"": ""IRL"", ""lat"": 53, ""long"": -8, ""flag"": ""https://disease.sh/assets/img/flags/ie.png""}",0.6395616211677707,0.5687352471663736,-0.14553834961775103,2.1092580834394314,0.30788511803395846,0.005471635241228146,0.9944303584379407,9.800632083118585e-05,2.6061614290588877
-0.17750756086541664,-0.596144132990125,Europe,Isle of Man,"{""_id"": 833, ""iso2"": ""IM"", ""iso3"": ""IMN"", ""lat"": 54.23, ""long"": -4.55, ""flag"": ""https://disease.sh/assets/img/flags/im.png""}",-0.2274318788750623,-0.5838243047613321,-0.19105668680261892,-0.5337659066755206,-0.28569930616678263,0.003051989054935803,0.0,0.9969480109450642,1.7584215928708067
0.22897937245856664,-0.42049881254793664,North America,Jamaica,"{""_id"": 388, ""iso2"": ""JM"", ""iso3"": ""JAM"", ""lat"": 18.25, ""long"": -77.5, ""flag"": ""https://disease.sh/assets/img/flags/jm.png""}",-0.2274318788750623,-0.13632384939953487,-0.16431131853143727,-0.5337659066755206,-0.23827601442852447,0.02394354525113311,0.0,0.9760564547488669,0.3966327358535443
-0.30459624509887384,1.9292924739471797,Asia,Jordan,"{""_id"": 400, ""iso2"": ""JO"", ""iso3"": ""JOR"", ""lat"": 31, ""long"": 36, ""flag"": ""https://disease.sh/assets/img/flags/jo.png""}",2.464811094942156,1.1380689308972756,-0.0968264385598766,2.1185834055868455,0.49691294809101716,0.00808358571880776,0.9908471508537221,0.00106926342747011,1.6699450308512807
-0.2583985346825647,1.4340052100731884,Asia,Kazakhstan,"{""_id"": 398, ""iso2"": ""KZ"", ""iso3"": ""KAZ"", ""lat"": 48, ""long"": 68, ""flag"": ""https://disease.sh/assets/img/flags/kz.png""}",0.8677178053895689,1.1043834570596018,-0.014689260525301864,1.58537754326148,0.23865092988880346,0.009808539407336997,0.9795931666042182,0.010598293988444793,0.6027069035981851
-0.3071927716255179,-0.14377626813618993,Africa,Kenya,"{""_id"": 404, ""iso2"": ""KE"", ""iso3"": ""KEN"", ""lat"": 1, ""long"": 38, ""flag"": ""https://disease.sh/assets/img/flags/ke.png""}",-0.2274318788750623,0.10131856274726567,0.3267137241285584,-0.01692149520294632,-0.11053849048402739,0.01653154331212042,0.9801790021212914,0.003289454566588208,0.07056917911965516
-0.3028675793406462,-0.644795674580034,Australia-Oceania,Kiribati,"{""_id"": 296, ""iso2"": ""KI"", ""iso3"": ""KIR"", ""lat"": 1.4167, ""long"": 173, ""flag"": ""https://disease.sh/assets/img/flags/ki.png""}",-0.0905381683419834,-0.5951347558309159,-0.19070904042592088,-0.5296242133195462,-0.2926185620359018,0.00471976401179941,0.5315634218289086,0.46371681415929206,0.0
2.033406553457554,0.33357422169478246,Asia,Kuwait,"{""_id"": 414, ""iso2"": ""KW"", ""iso3"": ""KWT"", ""lat"": 29.3375, ""long"": 47.6581, ""flag"": ""https://disease.sh/assets/img/flags/kw.png""}",-0.2274318788750623,-0.2821303164487358,-0.1514409030180459,-0.5337659066755206,0.09548283150527836,0.003852160957374415,0.0,0.9961478390426256,1.9303912539842925
-0.284727172547163,-0.3465705762796754,Asia,Kyrgyzstan,"{""_id"": 417, ""iso2"": ""KG"", ""iso3"": ""KGZ"", ""lat"": 41, ""long"": 75, ""flag"": ""https://disease.sh/assets/img/flags/kg.png""}",5.75026014773605,-0.23037270883683567,-0.1297821195665557,-0.232821243237301,-0.20508219329163285,0.0144564686776512,0.9492936098638453,0.0362499214585035,0.2834598963091707
0.4586414381623705,-0.32872985515417136,Asia,Lao People's Democratic Republic,"{""_id"": 418, ""iso2"": ""LA"", ""iso3"": ""LAO"", ""lat"": 18, ""long"": 105, ""flag"": ""https://disease.sh/assets/img/flags/la.png""}",-0.2274318788750623,-0.5048970266453228,-0.12283830590794095,-0.5337659066755206,-0.2360168707091032,0.003461661414805681,0.0,0.9965383385851944,0.16484470105224913
-0.29572007561377006,0.799574212149875,Europe,Latvia,"{""_id"": 428, ""iso2"": ""LV"", ""iso3"": ""LVA"", ""lat"": 57, ""long"": 25, ""flag"": ""https://disease.sh/assets/img/flags/lv.png""}",-0.2274318788750623,0.22745468011023376,-0.17479280098023395,0.9546787015944264,0.0693232406390246,0.006834570816433504,0.9887033653772754,0.004462063806291062,4.265271627515027
0.20141244544878886,1.1857557058872523,Asia,Lebanon,"{""_id"": 422, ""iso2"": ""LB"", ""iso3"": ""LBN"", ""lat"": 33.8333, ""long"": 35.8333, ""flag"": ""https://disease.sh/assets/img/flags/lb.png""}",3.1492796476075506,0.7483501277387873,-0.13018266885328542,1.1326979675176456,-0.07251129238077798,0.008805005153404221,0.874379943368831,0.11681505147776479,0.7173801532390635
-0.27790070674681494,-0.5989075015401699,Africa,Lesotho,"{""_id"": 426, ""iso2"": ""LS"", ""iso3"": ""LSO"", ""lat"": -29.5, ""long"": 28.5, ""flag"": ""https://disease.sh/assets/img/flags/ls.png""}",-0.2274318788750623,-0.5091999156391862,-0.1717776395192453,-0.49395784400877446,-0.27282639580944235,0.020006641208699983,0.7189108417732027,0.2610825170180973,0.19819883173177907
-0.311144007644324,-0.640355074316459,Africa,Liberia,"{""_id"": 430, ""iso2"": ""LR"", ""iso3"": ""LBR"", ""lat"": 6.5, ""long"": -9.5, ""flag"": ""https://disease.sh/assets/img/flags/lr.png""}",-0.13616940518634305,-0.5618181010498591,-0.14291010352875333,-0.5218403427134234,-0.2862009250227497,0.03646477132262052,0.9620519159456119,0.0014833127317676143,0.02635644039518827
-0.31117928653734905,0.09730768840313223,Africa,Libyan Arab Jamahiriya,"{""_id"": 434, ""iso2"": ""LY"", ""iso3"": ""LBY"", ""lat"": 25, ""long"": 17, ""flag"": ""https://disease.sh/assets/img/flags/ly.png""}",-0.2274318788750623,0.1932774475304042,-0.1268996812214407,0.23364252541454147,-0.1786149942661064,0.012689394686106522,0.9873066626714556,3.942642437814672e-06,0.3527819854290988
-0.2354072800981365,-0.6204292660122847,Europe,Liechtenstein,"{""_id"": 438, ""iso2"": ""LI"", ""iso3"": ""LIE"", ""lat"": 47.1667, ""long"": 9.5333, ""flag"": ""https://disease.sh/assets/img/flags/li.png""}",-0.2274318788750623,-0.5865289778431891,-0.19149342407819855,-0.5337659066755206,-0.28745701462209555,0.004357096505052378,0.0,0.9956429034949477,2.929559486284419
-0.3096658220265742,1.4132799459478511,Europe,Lithuania,"{""_id"": 440, ""iso2"": ""LT"", ""iso3"": ""LTU"", ""lat"": 56, ""long"": 24, ""flag"": ""https://disease.sh/assets/img/flags/lt.png""}",-0.2274318788750623,0.6186487594951895,-0.16729441538645032,1.5922083493957508,0.19116237124477303,0.0070803816838674325,0.9926112779598886,0.0003083403562439995,3.959997490333275
1.064690485661181,-0.07417189089329315,Europe,Luxembourg,"{""_id"": 442, ""iso2"": ""LU"", ""iso3"": ""LUX"", ""lat"": 49.75, ""long"": 6.1667, ""flag"": ""https://disease.sh/assets/img/flags/lu.png""}",-0.2274318788750623,-0.446623615699858,-0.18592193127740259,-0.5337659066755206,-0.0820779428525306,0.0031490266644855227,0.0,0.9968509733355144,7.140959040803523
-0.22629474202976485,-0.611416546874999,Asia,Macao,"{""_id"": 446, ""iso2"": ""MO"", ""iso3"": ""MAC"", ""lat"": 22.1667, ""long"": 113.55, ""flag"": ""https://disease.sh/assets/img/flags/mo.png""}",-0.2274318788750623,-0.5829637269625594,-0.18569021929883495,-0.5284229230527745,-0.29225826301317864,0.004444765656054638,0.12600729953384165,0.8695479348101037,0.011760475812371721
-0.2987575883032273,-0.13426407382782668,Europe,Macedonia,"{""_id"": 807, ""iso2"": ""MK"", ""iso3"": ""MKD"", ""lat"": 41.8333, ""long"": 22, ""flag"": ""https://disease.sh/assets/img/flags/mk.png""}",-0.2274318788750623,0.628360994652767,-0.1726483928221989,-0.017290769379339155,-0.19043977870205736,0.0284567571961993,0.9614938086014941,0.01004943420230655,1.0696255808858293
-0.31048782023405797,-0.55110565883597,Africa,Madagascar,"{""_id"": 450, ""iso2"": ""MG"", ""iso3"": ""MDG"", ""lat"": -20, ""long"": 47, ""flag"": ""https://disease.sh/assets/img/flags/mg.png""}",-0.2274318788750623,-0.42277331670530066,0.07730769160106798,-0.43131607272540584,-0.26823164236144603,0.02082177379318401,0.9762871243757848,0.0028911018310311598,0.018209870376310267
-0.004792684282656126,-0.5200007686702502,Africa,Malawi,"{""_id"": 454, ""iso2"": ""MW"", ""iso3"": ""MWI"", ""lat"": -13.5, ""long"": 34, ""flag"": ""https://disease.sh/assets/img/flags/mw.png""}",-0.2274318788750623,-0.267869312926217,-0.005687961833539337,-0.5337659066755206,-0.26394224807245326,0.029999441559166805,0.0,0.9700005584408332,0.030959267848081045
-0.23113500615280236,-0.3764253007805086,Asia,Maldives,"{""_id"": 462, ""iso2"": ""MV"", ""iso3"": ""MDV"", ""lat"": 3.25, ""long"": 73, ""flag"": ""https://disease.sh/assets/img/flags/mv.png""}",0.9133490422339285,-0.559236367653541,-0.18685717355054476,-0.2829551925211065,-0.19100822499459577,0.0016926092964958703,0.8767662592263276,0.12154113147717656,4.0922225200329025
-0.3108723601680311,-0.6033022919507761,Africa,Mali,"{""_id"": 466, ""iso2"": ""ML"", ""iso3"": ""MLI"", ""lat"": 17, ""long"": -4, ""flag"": ""https://disease.sh/assets/img/flags/ml.png""}",-0.2274318788750623,-0.5067411219284071,0.006238715577566124,-0.4842249412351343,-0.2556748771848086,0.022403811361717527,0.9749125557833795,0.0026836328549029067,0.03748336807650489
-0.30982457704518696,-0.47288311828619506,Europe,Malta,"{""_id"": 470, ""iso2"": ""MT"", ""iso3"": ""MLT"", ""lat"": 35.8333, ""long"": 14.5833, ""flag"": ""https://disease.sh/assets/img/flags/mt.png""}",-0.2274318788750623,-0.4892836865818755,-0.18775151407947063,-0.34966664103476297,-0.19299243990559517,0.007288749794103113,0.9895322022731017,0.0031790479327952564,4.888375413539084
-0.31118634231595405,-0.628462245390918,Australia-Oceania,Marshall Islands,"{""_id"": 584, ""iso2"": ""MH"", ""iso3"": ""MHL"", ""lat"": 9, ""long"": 168, ""flag"": ""https://disease.sh/assets/img/flags/mh.png""}",-0.2274318788750623,-0.5959953336296886,-0.19129352764221141,-0.5090643755650274,-0.2926185620359018,0.0010534143016482835,0.9989465856983517,0.0,0.0
0.49758933606203093,-0.31190729495432556,North America,Martinique,"{""_id"": 474, ""iso2"": ""MQ"", ""iso3"": ""MTQ"", ""lat"": 14.6667, ""long"": -61, ""flag"": ""https://disease.sh/assets/img/flags/mq.png""}",-0.2274318788750623,-0.46260577481992216,-0.18839673586588299,-0.5337659066755206,-0.25457245397120504,0.004783941238268057,0.0,0.9952160587617319,2.2158695704475164
-0.309845744381002,-0.5579594039349585,Africa,Mauritania,"{""_id"": 478, ""iso2"": ""MR"", ""iso3"": ""MRT"", ""lat"": 20, ""long"": -12, ""flag"": ""https://disease.sh/assets/img/flags/mr.png""}",-0.2274318788750623,-0.4755144418015125,-0.14662885985630783,-0.43804421757412343,-0.24626359132349138,0.01561521112642526,0.9784331537401328,0.0059516351334419244,0.20603037833071977
-0.3087309313614103,-0.5887303254951648,Africa,Mauritius,"{""_id"": 480, ""iso2"": ""MU"", ""iso3"": ""MUS"", ""lat"": -20.2833, ""long"": 57.55, ""flag"": ""https://disease.sh/assets/img/flags/mu.png""}",-0.2274318788750623,-0.4688756987824089,-0.18008871897121545,-0.47051736122679283,-0.27615610955498054,0.02442765833817548,0.9593957001743173,0.016176641487507262,0.2813739726231577
-0.16358298178842753,-0.5902051072133172,Africa,Mayotte,"{""_id"": 175, ""iso2"": ""YT"", ""iso3"": ""MYT"", ""lat"": -12.8333, ""long"": 45.1667, ""flag"": ""https://disease.sh/assets/img/flags/yt.png""}",-0.2274318788750623,-0.5749726474025273,-0.189206911416408,-0.5337659066755206,-0.2844983400230152,0.004473314773835868,0.0,0.9955266852261642,0.6180382101523445
-0.2177607778070041,-0.6130804789537961,Australia-Oceania,Micronesia,"{""_id"": 583, ""iso2"": ""FM"", ""iso3"": ""FSM"", ""lat"": 6.9167, ""long"": 158.25, ""flag"": ""https://disease.sh/assets/img/flags/fm.png""}",-0.2274318788750623,-0.5900942287238188,-0.1907637421271393,-0.5337659066755206,-0.2888351928074852,0.0024484875880513807,0.0,0.9975515124119486,0.701597596370724
1.8864311572258734,0.28626742095008256,Europe,Moldova,"{""_id"": 498, ""iso2"": ""MD"", ""iso3"": ""MDA"", ""lat"": 47, ""long"": 29, ""flag"": ""https://disease.sh/assets/img/flags/md.png""}",-0.2274318788750623,0.9039917696311046,-0.15482775008564414,-0.5337659066755206,-0.14499670875187162,0.019236552283336875,0.0,0.9807634477166631,0.8014373172735475
-0.2508100447928754,-0.6269209654991015,Europe,Monaco,"{""_id"": 492, ""iso2"": ""MC"", ""iso3"": ""MCO"", ""lat"": 43.7333, ""long"": 7.4, ""flag"": ""https://disease.sh/assets/img/flags/mc.png""}",-0.2274318788750623,-0.5898483493527409,-0.19148054657821525,-0.5337659066755206,-0.28900887070582715,0.0038996565974041093,0.0,0.9961003434025959,1.9768745444033884
-0.31118634231595405,0.8424152910987268,Asia,Mongolia,"{""_id"": 496, ""iso2"": ""MN"", ""iso3"": ""MNG"", ""lat"": 46, ""long"": 105, ""flag"": ""https://disease.sh/assets/img/flags/mn.png""}",-0.2274318788750623,-0.31729106651287703,-0.16068621004043748,1.012607247290308,-0.10764756128081193,0.002258041554291861,0.9977419584457081,0.0,1.193000280040899
-0.30447629686258865,-0.2140988256546599,Europe,Montenegro,"{""_id"": 499, ""iso2"": ""ME"", ""iso3"": ""MNE"", ""lat"": 42, ""long"": 19, ""flag"": ""https://disease.sh/assets/img/flags/me.png""}",-0.2274318788750623,-0.2481989632399842,-0.1860549588040925,-0.08666221776941867,-0.1655142005141393,0.009597291446068348,0.9839887773064186,0.006413931247513,4.410034238394776
-0.3111193124192065,-0.6502367029229567,North America,Montserrat,"{""_id"": 500, ""iso2"": ""MS"", ""iso3"": ""MSR"", ""lat"": 16.75, ""long"": -62.2, ""flag"": ""https://disease.sh/assets/img/flags/ms.png""}",-0.2274318788750623,-0.5971017907995393,-0.19180172766304218,-0.5316575196766968,-0.29180332238728923,0.005702066999287242,0.9807555238774056,0.0135424091233072,3.5774420946626386
4.14344067317538,1.2377040791537122,Africa,Morocco,"{""_id"": 504, ""iso2"": ""MA"", ""iso3"": ""MAR"", ""lat"": 32, ""long"": -5, ""flag"": ""https://disease.sh/assets/img/flags/ma.png""}",-0.2274318788750623,1.406200385057737,0.15658991128511962,-0.5337659066755206,0.3041023913770473,0.012746756820996534,0.0,0.9872532431790034,0.3441907442496385
-0.3017457105424494,-0.3069169764551268,Africa,Mozambique,"{""_id"": 508, ""iso2"": ""MZ"", ""iso3"": ""MOZ"", ""lat"": -18.25, ""long"": 35, ""flag"": ""https://disease.sh/assets/img/flags/mz.png""}",0.2745117264128937,-0.3214710158212015,0.11338852784366467,-0.18317761651136147,-0.2296866234206982,0.009626450920074787,0.978924490118983,0.01144905896094228,0.041436969916191745
-0.3033579559536944,0.2962096367814742,Asia,Myanmar,"{""_id"": 104, ""iso2"": ""MM"", ""iso3"": ""MMR"", ""lat"": 22, ""long"": 98, ""flag"": ""https://disease.sh/assets/img/flags/mm.png""}",-0.2274318788750623,1.798623861298082,0.3175991292657394,0.41647767821080084,0.2449160938632949,0.030372051792176957,0.9661708780397368,0.0034570701680862103,0.21206083392725927
-0.3070093213817876,-0.39756433131975616,Africa,Namibia,"{""_id"": 516, ""iso2"": ""NA"", ""iso3"": ""NAM"", ""lat"": -22, ""long"": 17, ""flag"": ""https://disease.sh/assets/img/flags/na.png""}",-0.2274318788750623,-0.09329495946090054,-0.16755117207308,-0.2777271282478603,-0.2438444931971669,0.023818225060763736,0.9693135872938529,0.006868187645383406,0.4034600743999143
-0.3110275872973413,-0.6443405315247324,Australia-Oceania,Nauru,"{""_id"": 520, ""iso2"": ""NR"", ""iso3"": ""NRU"", ""lat"": -0.5333, ""long"": 166.9167, ""flag"": ""https://disease.sh/assets/img/flags/nr.png""}",-0.2274318788750623,-0.597962368598312,-0.19174695216526225,-0.5255729231851783,-0.29167724067831846,0.00018542555164101615,0.9914704246245133,0.008344149823845726,1.881041915069247
-0.310844137053611,0.8305254176475708,Asia,Nepal,"{""_id"": 524, ""iso2"": ""NP"", ""iso3"": ""NPL"", ""lat"": 28, ""long"": 84, ""flag"": ""https://disease.sh/assets/img/flags/np.png""}",-0.2274318788750623,0.88100204843532,0.08697047499648537,0.9851951517896117,-0.015038411786424146,0.011989635756639593,0.9879136977427874,9.666650057302307e-05,0.2000876608430567
-0.02983717044114249,-0.533996417620772,Australia-Oceania,New Caledonia,"{""_id"": 540, ""iso2"": ""NC"", ""iso3"": ""NCL"", ""lat"": -21.5, ""long"": 165.5, ""flag"": ""https://disease.sh/assets/img/flags/nc.png""}",-0.2274318788750623,-0.5594822470246189,-0.18916396181760986,-0.5337659066755206,-0.28807631585949733,0.003921862509992006,0.0,0.996078137490008,0.34018184005637386
-0.3054605779779877,3.22100324226482,Australia-Oceania,New Zealand,"{""_id"": 554, ""iso2"": ""NZ"", ""iso3"": ""NZL"", ""lat"": -41, ""long"": 174, ""flag"": ""https://disease.sh/assets/img/flags/nz.png""}",-0.2274318788750623,0.1023020802315773,-0.1466637102824804,3.471236245971789,0.06394454995432619,0.002173505814900628,0.9972072911067101,0.0006192030783892784,1.5860110330257853
-0.2616512486194747,-0.6249851297768775,North America,Nicaragua,"{""_id"": 558, ""iso2"": ""NI"", ""iso3"": ""NIC"", ""lat"": 13, ""long"": -85, ""flag"": ""https://disease.sh/assets/img/flags/ni.png""}",-0.2274318788750623,-0.570423879037586,-0.12931324388843896,-0.527292116653696,-0.2926185620359018,0.012168081769509492,0.22848953544967823,0.7593423827808123,0.0
-0.3086145110144276,-0.6376345601449976,Africa,Niger,"{""_id"": 562, ""iso2"": ""NE"", ""iso3"": ""NER"", ""lat"": 16, ""long"": 8, ""flag"": ""https://disease.sh/assets/img/flags/ne.png""}",-0.18180064203070267,-0.5597281263956968,0.04876302479174747,-0.5201441331148057,-0.28093578590266494,0.03141677575269359,0.8951767193636089,0.07340650488369752,0.009758523152042313
-0.29679255396173176,-0.25747632320440283,Africa,Nigeria,"{""_id"": 566, ""iso2"": ""NG"", ""iso3"": ""NGA"", ""lat"": 10, ""long"": 8, ""flag"": ""https://disease.sh/assets/img/flags/ng.png""}",0.2745117264128937,-0.210210600408447,1.807549778194467,-0.13545084453507936,-0.03058827503565056,0.011808165037351976,0.972921688099765,0.015270146862883064,0.0263393529709629
-0.31117575864804653,-0.6507450445171895,Australia-Oceania,Niue,"{""_id"": 570, ""iso2"": ""NU"", ""iso3"": ""NIU"", ""lat"": -19.0333, ""long"": -169.8667, ""flag"": ""https://disease.sh/assets/img/flags/nu.png""}",-0.2274318788750623,-0.5980853082838509,-0.1918325654011827,-0.5321478422345628,-0.2926185620359018,0.0,0.9971671388101983,0.0028328611898017,0.0
-0.31118634231595405,1.5786771589597925,Europe,Norway,"{""_id"": 578, ""iso2"": ""NO"", ""iso3"": ""NOR"", ""lat"": 62, ""long"": 10, ""flag"": ""https://disease.sh/assets/img/flags/no.png""}",-0.2274318788750623,0.21798832432373422,-0.14100750825364244,1.7693618895527379,0.21237058147748158,0.004396806850487371,0.9956031931495126,0.0,1.9963148908529096
1.0816984399885599,-0.06202932438221331,Asia,Oman,"{""_id"": 512, ""iso2"": ""OM"", ""iso3"": ""OMN"", ""lat"": 21, ""long"": 57, ""flag"": ""https://disease.sh/assets/img/flags/om.png""}",-0.2274318788750623,-0.029120443609565883,-0.14273598054187317,-0.5337659066755206,0.8548305549168609,0.011585959659430866,0.0,0.9884140403405691,4.695723679576589
-0.2667949112225277,1.6853756952097634,Asia,Pakistan,"{""_id"": 586, ""iso2"": ""PK"", ""iso3"": ""PAK"", ""lat"": 30, ""long"": 70, ""flag"": ""https://disease.sh/assets/img/flags/pk.png""}",-0.2274318788750623,3.171737209082673,1.925089805011916,1.8239026128253641,1.1113613018914164,0.019383843594178274,0.9726619787399743,0.007954177665847417,0.13329246194699865
-0.31117223075874406,-0.6430150012630264,Australia-Oceania,Palau,"{""_id"": 585, ""iso2"": ""PW"", ""iso3"": ""PLW"", ""lat"": 7.5, ""long"": 134.5, ""flag"": ""https://disease.sh/assets/img/flags/pw.png""}",-0.2274318788750623,-0.5968559114284613,-0.19167933606577975,-0.5241494555093736,-0.28933988682708567,0.001589825119236884,0.9977742448330683,0.0006359300476947536,3.9178412768057918
-0.3106254079168557,0.2653766502591813,Asia,Palestine,"{""_id"": 275, ""iso2"": ""PS"", ""iso3"": ""PSE"", ""lat"": 32, ""long"": 35.25, ""flag"": ""https://disease.sh/assets/img/flags/ps.png""}",-0.2274318788750623,0.0662807523686634,-0.14253720950344906,0.4092546140302373,-0.15132016314150426,0.008701981294926957,0.9910419833560921,0.0002560353489810115,0.5759067230052113
-0.3109605574005937,0.9139333380059596,North America,Panama,"{""_id"": 591, ""iso2"": ""PA"", ""iso3"": ""PAN"", ""lat"": 9, ""long"": -80, ""flag"": ""https://disease.sh/assets/img/flags/pa.png""}",0.5026679106346919,0.4748093274146118,-0.15082619610981748,1.0767935346309545,0.06917774409099499,0.008233850020709638,0.9917057665254889,6.038345380146864e-05,1.7725850715229536
-0.31109461719408893,-0.5830572924130137,Australia-Oceania,Papua New Guinea,"{""_id"": 598, ""iso2"": ""PG"", ""iso3"": ""PNG"", ""lat"": -6, ""long"": 147, ""flag"": ""https://disease.sh/assets/img/flags/pg.png""}",-0.2274318788750623,-0.5157157189727508,-0.10613126250912508,-0.463024619639403,-0.2811831300343153,0.014296688289518607,0.9851485148514851,0.0005547968589962444,0.026812792578352805
2.572676184349238,0.5854456597396277,South America,Paraguay,"{""_id"": 600, ""iso2"": ""PY"", ""iso3"": ""PRY"", ""lat"": -23, ""long"": -58, ""flag"": ""https://disease.sh/assets/img/flags/py.png""}",-0.2274318788750623,1.8797640537537927,-0.12445426611358122,-0.5337659066755206,-0.17064444551603508,0.0240627410154226,0.0,0.9759372589845774,0.36375076770743636
-0.3106677425884858,0.1080212830490284,Asia,Qatar,"{""_id"": 634, ""iso2"": ""QA"", ""iso3"": ""QAT"", ""lat"": 25.5, ""long"": 51.25, ""flag"": ""https://disease.sh/assets/img/flags/qa.png""}",0.5026679106346919,-0.5132569252619718,-0.16435909258044407,0.2533351051448348,-0.10602639927041639,0.001341045315670406,0.9983732537257737,0.0002857009585558691,1.3642566985971076
-0.3111475355336265,-0.4550054537308776,Africa,Rwanda,"{""_id"": 646, ""iso2"": ""RW"", ""iso3"": ""RWA"", ""lat"": -2, ""long"": 30, ""flag"": ""https://disease.sh/assets/img/flags/rw.png""}",-0.2274318788750623,-0.41760984991266453,-0.06638909288839796,-0.33144809349405424,-0.016221890805649227,0.010994772240446982,0.9889228418640184,8.238589553468446e-05,0.4427776140578733
1.4304408812091336,0.07857145853895048,Africa,Réunion,"{""_id"": 638, ""iso2"": ""RE"", ""iso3"": ""REU"", ""lat"": -21.1, ""long"": 55.6, ""flag"": ""https://disease.sh/assets/img/flags/re.png""}",-0.2274318788750623,-0.4848578579024731,-0.18347105522399143,-0.5337659066755206,-0.21901383200020313,0.0018621296212052284,0.0,0.9981378703787948,1.7660267316843252
-0.3035519898653322,-0.6491091894450506,Africa,Saint Helena,"{""_id"": 654, ""iso2"": ""SH"", ""iso3"": ""SHN"", ""lat"": -15.9333, ""long"": -5.7, ""flag"": ""https://disease.sh/assets/img/flags/sh.png""}",-0.2274318788750623,-0.5980853082838509,-0.1917911194073253,-0.533762842159534,-0.2926185620359018,0.0,0.0009233610341643582,0.9990766389658357,0.0
-0.31118634231595405,-0.642546558572992,North America,Saint Kitts and Nevis,"{""_id"": 659, ""iso2"": ""KN"", ""iso3"": ""KNA"", ""lat"": 17.3333, ""long"": -62.75, ""flag"": ""https://disease.sh/assets/img/flags/kn.png""}",-0.2274318788750623,-0.592184203377981,-0.19135059083339814,-0.5237158264972609,-0.28679144823629826,0.007265021946420463,0.9927349780535796,0.0,2.35670397802157
-0.31118634231595405,-0.607660138931569,North America,Saint Lucia,"{""_id"": 662, ""iso2"": ""LC"", ""iso3"": ""LCA"", ""lat"": 13.8833, ""long"": -61.1333, ""flag"": ""https://disease.sh/assets/img/flags/lc.png""}",-0.2274318788750623,-0.5476800372128793,-0.1901399397927049,-0.4880969571842824,-0.28293487175422005,0.013569419162667549,0.9864305808373325,0.0,1.1397524755149557
-0.2679308915779344,-0.6340983350432556,North America,Saint Martin,"{""_id"": 663, ""iso2"": ""MF"", ""iso3"": ""MAF"", ""lat"": 18.11, ""long"": -63.03, ""flag"": ""https://disease.sh/assets/img/flags/mf.png""}",-0.2274318788750623,-0.5903401080948967,-0.19148103548043524,-0.5337659066755206,-0.28746045696944644,0.005111976630963973,0.0,0.994888023369036,2.8286433425622954
-0.3076549251241461,-0.6472088194154475,North America,Saint Pierre Miquelon,"{""_id"": 666, ""iso2"": ""PM"", ""iso3"": ""SPM"", ""lat"": 46.8333, ""long"": -56.3333, ""flag"": ""https://disease.sh/assets/img/flags/pm.png""}",-0.2274318788750623,-0.597839428912773,-0.19179440335431244,-0.5300134068498523,-0.29145275373307783,0.0005793742757821553,0.7094438006952491,0.2899768250289687,4.410487931932627
-0.31098525262571125,-0.6380143386034798,North America,Saint Vincent and the Grenadines,"{""_id"": 670, ""iso2"": ""VC"", ""iso3"": ""VCT"", ""lat"": 13.25, ""long"": -61.2, ""flag"": ""https://disease.sh/assets/img/flags/vc.png""}",-0.2274318788750623,-0.5828407872770205,-0.19081851762491925,-0.519220181544827,-0.28737715216355564,0.012817862311350011,0.981290055819723,0.005892081868927021,1.0237200921551577
-0.25696268373644493,-0.6271795695077955,Australia-Oceania,Samoa,"{""_id"": 882, ""iso2"": ""WS"", ""iso3"": ""WSM"", ""lat"": -13.5833, ""long"": -172.3333, ""flag"": ""https://disease.sh/assets/img/flags/ws.png""}",-0.2274318788750623,-0.5942741780321432,-0.18998195980365482,-0.5313066325962239,-0.28401742114911793,0.0018228860402210985,0.0943784546630601,0.9037986592967188,0.9266115833246802
-0.31102405940803884,-0.6136154198174947,Europe,San Marino,"{""_id"": 674, ""iso2"": ""SM"", ""iso3"": ""SMR"", ""lat"": 43.7667, ""long"": 12.4167, ""flag"": ""https://disease.sh/assets/img/flags/sm.png""}",-0.2274318788750623,-0.5823490285348646,-0.19153310817914992,-0.4939103440109812,-0.2835833181991924,0.00488829482528165,0.9933549742218828,0.001756730952835593,5.775414405163562
-0.3111404797550215,-0.6422938655130681,Africa,Sao Tome and Principe,"{""_id"": 678, ""iso2"": ""ST"", ""iso3"": ""STP"", ""lat"": 1, ""long"": 7, ""flag"": ""https://disease.sh/assets/img/flags/st.png""}",-0.2274318788750623,-0.5882501334407345,-0.18974728673805663,-0.5235227619901012,-0.29125998228142974,0.011802891708468575,0.9862791383889052,0.0019179699026261434,0.13000759841706966
2.623393120962057,0.5911600694631698,Asia,Saudi Arabia,"{""_id"": 682, ""iso2"": ""SA"", ""iso3"": ""SAU"", ""lat"": 25, ""long"": 45, ""flag"": ""https://disease.sh/assets/img/flags/sa.png""}",-0.2274318788750623,0.5877908984249117,0.13880635132072305,-0.5337659066755206,1.7949005044932804,0.011463286229201551,0.0,0.9885367137707984,1.268847829966593
-0.3109817247364088,-0.5207130379970533,Africa,Senegal,"{""_id"": 686, ""iso2"": ""SN"", ""iso3"": ""SEN"", ""lat"": 14, ""long"": -14, ""flag"": ""https://disease.sh/assets/img/flags/sn.png""}",-0.2274318788750623,-0.35577118808657004,-0.029000000427942388,-0.40042268706386097,-0.23999457191996698,0.02213288715708623,0.9772158153010005,0.0006512975419132427,0.06494643522018735
-0.30981399337727944,3.212052588089621,Europe,Serbia,"{""_id"": 688, ""iso2"": ""RS"", ""iso3"": ""SRB"", ""lat"": 44, ""long"": 21, ""flag"": ""https://disease.sh/assets/img/flags/rs.png""}",-0.2274318788750623,1.6218365934930645,-0.11202717421888418,3.444907456872378,0.32533937963360904,0.006905019934578789,0.9929462259670355,0.00014875409838573122,1.555958408027906
-0.31118634231595405,-0.5766202692023208,Africa,Seychelles,"{""_id"": 690, ""iso2"": ""SC"", ""iso3"": ""SYC"", ""lat"": -4.5833, ""long"": 55.6667, ""flag"": ""https://disease.sh/assets/img/flags/sc.png""}",-0.2274318788750623,-0.5769396823711506,-0.19093036553845613,-0.4555472006319464,-0.2926185620359018,0.003358063256540414,0.9966419367434596,0.0,0.0
-0.28418740548387966,-0.6408146505833382,Africa,Sierra Leone,"{""_id"": 694, ""iso2"": ""SL"", ""iso3"": ""SLE"", ""lat"": 8.5, ""long"": -11.5, ""flag"": ""https://disease.sh/assets/img/flags/sl.png""}",-0.2274318788750623,-0.5825949079059425,-0.1152242257548518,-0.5337659066755206,-0.2806870189341096,0.01619745468569225,0.0,0.9838025453143078,0.03129597338738299
-0.31118634231595405,3.789997081828192,Asia,Singapore,"{""_id"": 702, ""iso2"": ""SG"", ""iso3"": ""SGP"", ""lat"": 1.3667, ""long"": 103.8, ""flag"": ""https://disease.sh/assets/img/flags/sg.png""}",-0.04490693149762377,-0.34925538475300544,-0.13702087040781077,4.069337831088713,0.8436620195798776,0.0006732853096397225,0.9993267146903603,0.0,4.165302329619389
-0.31099583629361877,-0.6359794944893558,North America,Sint Maarten,"{""_id"": 534, ""iso2"": ""SX"", ""iso3"": ""SXM"", ""lat"": 18.02, ""long"": -63.06, ""flag"": ""https://disease.sh/assets/img/flags/sx.png""}",-0.2274318788750623,-0.586774857214267,-0.1914419602011163,-0.5170566332582432,-0.289770317939837,0.008325038458058095,0.9867885259252557,0.004886435616686273,1.4114543055997817
-0.31118634231595405,2.122296773190105,Europe,Slovakia,"{""_id"": 703, ""iso2"": ""SK"", ""iso3"": ""SVK"", ""lat"": 48.6667, ""long"": 19.5, ""flag"": ""https://disease.sh/assets/img/flags/sk.png""}",0.8220865685452092,2.011186577594936,-0.14147959408218483,2.310688719242759,0.049265692380796276,0.011303761973365006,0.988696238026635,0.0,1.3641988479161817
-0.31110872875129897,1.352308509383758,Europe,Slovenia,"{""_id"": 705, ""iso2"": ""SI"", ""iso3"": ""SVN"", ""lat"": 46, ""long"": 15, ""flag"": ""https://disease.sh/assets/img/flags/si.png""}",-0.2274318788750623,0.2747864590427315,-0.17267855716671565,1.5338998037175229,-0.16191488212408187,0.005233880753030122,0.9947499015882986,1.621765867136094e-05,1.3703822940336876
-0.22032555332992557,-0.6139567771089709,Australia-Oceania,Solomon Islands,"{""_id"": 90, ""iso2"": ""SB"", ""iso3"": ""SLB"", ""lat"": -8, ""long"": 159, ""flag"": ""https://disease.sh/assets/img/flags/sb.png""}",-0.2274318788750623,-0.5736203108615988,-0.18519514584138258,-0.5337659066755206,-0.2926185620359018,0.007667411574323804,0.0,0.9923325884256762,0.0
-0.26606111024760654,-0.6119174997832693,Africa,Somalia,"{""_id"": 706, ""iso2"": ""SO"", ""iso3"": ""SOM"", ""lat"": 10, ""long"": 49, ""flag"": ""https://disease.sh/assets/img/flags/so.png""}",-0.2274318788750623,-0.43076439626533275,-0.03648920757438836,-0.513567681807428,-0.27423798771311764,0.04979146850076827,0.48225653032852855,0.4679520011707032,0.023778106787310974
-0.3092213079744585,-0.6245004319777252,Africa,South Sudan,"{""_id"": 728, ""iso2"": ""SS"", ""iso3"": ""SSD"", ""lat"": 6.8769, ""long"": 31.3069, ""flag"": ""https://disease.sh/assets/img/flags/ss.png""}",-0.18180064203070267,-0.5800131745096244,-0.08467175744741934,-0.5060090531263248,-0.27378754508776665,0.007811254583134066,0.9625909984590042,0.029597746957861736,0.0353126144993967
-0.31116870286944154,0.34184363902422177,Asia,Sri Lanka,"{""_id"": 144, ""iso2"": ""LK"", ""iso3"": ""LKA"", ""lat"": 7, ""long"": 81, ""flag"": ""https://disease.sh/assets/img/flags/lk.png""}",-0.2274318788750623,1.4792265582678763,0.007180341253278809,0.47116856276677355,0.0050810069281902745,0.025116164303742528,0.9748764035591019,7.432137155631925e-06,0.30061941499200817
-0.2917794232628715,-0.6441720694847831,North America,St. Barth,"{""_id"": 652, ""iso2"": ""BL"", ""iso3"": ""BLM"", ""lat"": 17.89, ""long"": -62.82, ""flag"": ""https://disease.sh/assets/img/flags/bl.png""}",-0.2274318788750623,-0.5973476701706172,-0.19175578930350293,-0.5337659066755206,-0.28900887070582715,0.0010895224260032686,0.0,0.9989104775739968,7.908094519859226
-0.31118634231595405,-0.5577451320420406,Africa,Sudan,"{""_id"": 729, ""iso2"": ""SD"", ""iso3"": ""SDN"", ""lat"": 15, ""long"": 30, ""flag"": ""https://disease.sh/assets/img/flags/sd.png""}",-0.2274318788750623,0.02226834494571742,0.23240908895181517,-0.4434438947426228,-0.2667807159020416,0.07885237447845858,0.9211476255215414,0.0,0.012239971195002959
-0.02479228873855966,-0.5302666089468075,South America,Suriname,"{""_id"": 740, ""iso2"": ""SR"", ""iso3"": ""SUR"", ""lat"": 4, ""long"": -56, ""flag"": ""https://disease.sh/assets/img/flags/sr.png""}",-0.2274318788750623,-0.4249862310450019,-0.1863420182037918,-0.5337659066755206,-0.2815017537051107,0.017048481619605753,0.0,0.9829515183803943,0.40582174853518
-0.3089002700479305,-0.5411974309600067,Africa,Swaziland,"{""_id"": 748, ""iso2"": ""SZ"", ""iso3"": ""SWZ"", ""lat"": -26.5, ""long"": 31.5, ""flag"": ""https://disease.sh/assets/img/flags/sz.png""}",-0.2274318788750623,-0.4226503770197617,-0.18091810007687315,-0.42173333123511214,-0.24448518288610863,0.018978335173092525,0.9724036121344309,0.008618052692476494,0.8851189677393217
-0.3103749277763778,3.4175688881417603,Europe,Sweden,"{""_id"": 752, ""iso2"": ""SE"", ""iso3"": ""SWE"", ""lat"": 62, ""long"": 15, ""flag"": ""https://disease.sh/assets/img/flags/se.png""}",-0.2274318788750623,2.771322653282296,-0.0975819124091832,3.6439232540782154,0.6024318181104171,0.009951240482925817,0.9899652485413719,8.351097570230007e-05,1.9083010412692236
-0.31118634231595405,-0.5669809894953993,Asia,Syrian Arab Republic,"{""_id"": 760, ""iso2"": ""SY"", ""iso3"": ""SYR"", ""lat"": 35, ""long"": 38, ""flag"": ""https://disease.sh/assets/img/flags/sy.png""}",-0.2274318788750623,-0.20898120355305744,-0.013215487844548783,-0.4501383299154871,-0.2859051126403993,0.054811838664426855,0.9451881613355732,0.0,0.007553340701682108
-0.3097857702628594,-0.6260269344976164,Asia,Tajikistan,"{""_id"": 762, ""iso2"": ""TJ"", ""iso3"": ""TJK"", ""lat"": 39, ""long"": 71, ""flag"": ""https://disease.sh/assets/img/flags/tj.png""}",-0.2274318788750623,-0.5827178475914815,-0.09999420208549539,-0.5073130046786497,-0.2926185620359018,0.0070279995502080285,0.9706510738783313,0.0223209265714607,0.0
-0.1616849773436796,-0.5884377335310425,Africa,Tanzania,"{""_id"": 834, ""iso2"": ""TZ"", ""iso3"": ""TZA"", ""lat"": -6, ""long"": 35, ""flag"": ""https://disease.sh/assets/img/flags/tz.png""}",-0.2274318788750623,-0.4940783343178947,0.392054389658058,-0.5337659066755206,-0.2926185620359018,0.01957291256969669,0.0,0.9804270874303033,0.0
-0.3104102066694029,-0.6176422536671591,Asia,Timor-Leste,"{""_id"": 626, ""iso2"": ""TL"", ""iso3"": ""TLS"", ""lat"": -8.55, ""long"": 125.5167, ""flag"": ""https://disease.sh/assets/img/flags/tl.png""}",-0.2274318788750623,-0.5811196316794751,-0.17921513372521394,-0.4983676825135818,-0.2798346478320724,0.0058823529411764705,0.9847399829497017,0.00937766410912191,0.20339061024704458
-0.3111828144266516,-0.5938329520209965,Africa,Togo,"{""_id"": 768, ""iso2"": ""TG"", ""iso3"": ""TGO"", ""lat"": 8, ""long"": 1.1667, ""flag"": ""https://disease.sh/assets/img/flags/tg.png""}",-0.2274318788750623,-0.5624327994775539,-0.11177053745166693,-0.4735772804394754,-0.25520235763844745,0.007328414030122308,0.9926463155766704,2.5270393207318306e-05,0.09390845606247417
-0.31090411117175365,-0.6521917492286836,Australia-Oceania,Tokelau,"{""_id"": 772, ""iso2"": ""TK"", ""iso3"": ""TKL"", ""lat"": -9, ""long"": -172, ""flag"": ""https://disease.sh/assets/img/flags/tk.png""}",-0.2274318788750623,-0.5980853082838509,-0.19183481619630874,-0.5337659066755206,-0.2926185620359018,0.0,0.0,1.0,0.0
-0.30660361411199943,-0.6272623227905776,Australia-Oceania,Tonga,"{""_id"": 776, ""iso2"": ""TO"", ""iso3"": ""TON"", ""lat"": -20, ""long"": -175, ""flag"": ""https://disease.sh/assets/img/flags/to.png""}",-0.2274318788750623,-0.5964870923718445,-0.19085358944077635,-0.5098044561758064,-0.2680627378514306,0.0007669616519174041,0.9225958702064897,0.07663716814159292,4.965326824378881
-0.31108756141548394,-0.369329206781944,North America,Trinidad and Tobago,"{""_id"": 780, ""iso2"": ""TT"", ""iso3"": ""TTO"", ""lat"": 11, ""long"": -61, ""flag"": ""https://disease.sh/assets/img/flags/tt.png""}",-0.2274318788750623,-0.05838008876783724,-0.17887238559528604,-0.247114145799095,-0.250700455772995,0.02292476083051343,0.9769290220161256,0.0001462171533609057,0.6492952789913159
3.6539425045634437,1.0520544779180456,Africa,Tunisia,"{""_id"": 788, ""iso2"": ""TN"", ""iso3"": ""TUN"", ""lat"": 34, ""long"": 9, ""flag"": ""https://disease.sh/assets/img/flags/tn.png""}",-0.2274318788750623,3.01916905932883,-0.08072230384401795,-0.5337659066755206,-0.06251448618406213,0.02551065971538833,0.0,0.9744893402846116,0.4161638715341419
-0.31117575864804653,-0.642332286680074,North America,Turks and Caicos Islands,"{""_id"": 796, ""iso2"": ""TC"", ""iso3"": ""TCA"", ""lat"": 21.75, ""long"": -71.5833, ""flag"": ""https://disease.sh/assets/img/flags/tc.png""}",-0.04490693149762377,-0.5931677208622926,-0.19148093401016317,-0.5234859877982612,-0.26430924819801943,0.005924170616113744,0.9936315165876777,0.0004443127962085308,15.520193251302182
-0.30080729198798295,-0.647960987646449,Australia-Oceania,Tuvalu,"{""_id"": 798, ""iso2"": ""TV"", ""iso3"": ""TUV"", ""lat"": -8, ""long"": 178, ""flag"": ""https://disease.sh/assets/img/flags/tv.png""}",-0.2274318788750623,-0.597962368598312,-0.19173622399013288,-0.5337659066755206,-0.2926185620359018,0.0003397893306150187,0.0,0.9996602106693849,0.0
3.444890368164877,0.924479948349099,Asia,UAE,"{""_id"": 784, ""iso2"": ""AE"", ""iso3"": ""ARE"", ""lat"": 24, ""long"": 54, ""flag"": ""https://disease.sh/assets/img/flags/ae.png""}",-0.2274318788750623,-0.30929998695284494,-0.09884739429507751,-0.5337659066755206,8.920583708997322,0.002201437635305474,0.0,0.9977985623646946,19.91038908288562
-0.07098647126556634,-0.3979189882459651,Africa,Uganda,"{""_id"": 800, ""iso2"": ""UG"", ""iso3"": ""UGA"", ""lat"": 1, ""long"": 32, ""flag"": ""https://disease.sh/assets/img/flags/ug.png""}",-0.2274318788750623,-0.15156837040636534,0.2549248165246867,-0.37987970414726874,-0.15435516605584432,0.021098002311950696,0.5833957792377533,0.395506218450296,0.062197603309141564
-0.30235603539178285,0.886178478055722,South America,Uruguay,"{""_id"": 858, ""iso2"": ""UY"", ""iso3"": ""URY"", ""lat"": -33, ""long"": -56, ""flag"": ""https://disease.sh/assets/img/flags/uy.png""}",0.593930384323411,0.3441244416867023,-0.1595982826815335,1.045906278001383,-0.011960677866968767,0.007361366847531147,0.9902344706760374,0.0024041624764314278,1.749082956142077
-0.2740059169568489,-0.2774641964706638,Asia,Uzbekistan,"{""_id"": 860, ""iso2"": ""UZ"", ""iso3"": ""UZB"", ""lat"": 41, ""long"": 64, ""flag"": ""https://disease.sh/assets/img/flags/uz.png""}",0.8220865685452092,-0.3968330430565811,0.12531241943457316,-0.16374705289792774,-0.22937506803646318,0.006453469577626921,0.9519991169351342,0.04154741348723892,0.04007654102642527
-0.3110840335261814,-0.6345490448869796,Australia-Oceania,Vanuatu,"{""_id"": 548, ""iso2"": ""VU"", ""iso3"": ""VUT"", ""lat"": -16, ""long"": 167, ""flag"": ""https://disease.sh/assets/img/flags/vu.png""}",-0.2274318788750623,-0.5963641526863055,-0.18887876578108867,-0.5154155849473855,-0.29147221447010135,0.0011648223645894002,0.9964223313087611,0.0024128463266494715,0.07760570732556116
-0.31012091974659745,0.16442798942537362,South America,Venezuela,"{""_id"": 862, ""iso2"": ""VE"", ""iso3"": ""VEN"", ""lat"": 8, ""long"": -66, ""flag"": ""https://disease.sh/assets/img/flags/ve.png""}",1.1871364633000863,0.1218494902322712,0.07812788503481784,0.30366978022576674,-0.13844665611062315,0.010595355485394295,0.9888582310315817,0.000546413483024091,0.11477141602975174
-0.30023577392097706,-0.6470640011705788,Australia-Oceania,Wallis and Futuna,"{""_id"": 876, ""iso2"": ""WF"", ""iso3"": ""WLF"", ""lat"": -13.3, ""long"": -176.2, ""flag"": ""https://disease.sh/assets/img/flags/wf.png""}",-0.2274318788750623,-0.5971017907995393,-0.19174622342421735,-0.5330947776744416,-0.29167728657628317,0.0022535211267605635,0.12338028169014084,0.8743661971830986,1.8674194135858677
-0.31118634231595405,-0.6522951908321613,Africa,Western Sahara,"{""_id"": 732, ""iso2"": ""EH"", ""iso3"": ""ESH"", ""lat"": 24.5, ""long"": -13, ""flag"": ""https://disease.sh/assets/img/flags/eh.png""}",-0.2274318788750623,-0.597962368598312,-0.1860714615601599,-0.5337521163535807,-0.2926185620359018,0.1,0.9,0.0,0.0
-0.30885087959769547,-0.6346583974392274,Asia,Yemen,"{""_id"": 887, ""iso2"": ""YE"", ""iso3"": ""YEM"", ""lat"": 15, ""long"": 48, ""flag"": ""https://disease.sh/assets/img/flags/ye.png""}",-0.2274318788750623,-0.33265852720524647,0.09554272970420558,-0.5197855847443662,-0.27749096006171403,0.18074508162411052,0.7638342402678945,0.055420678107994975,0.010579149639765755
-0.29736054413943513,-0.1361304559020014,Africa,Zambia,"{""_id"": 894, ""iso2"": ""ZM"", ""iso3"": ""ZMB"", ""lat"": -15, ""long"": 30, ""flag"": ""https://disease.sh/assets/img/flags/zm.png""}",-0.2274318788750623,-0.09784372782584189,-0.01224298753241483,-0.01078173742366796,-0.10384202333545575,0.011648878913496552,0.977131667544603,0.011219453541900464,0.21124353205000002
-0.3050795659333171,-0.2587013673370164,Africa,Zimbabwe,"{""_id"": 716, ""iso2"": ""ZW"", ""iso3"": ""ZWE"", ""lat"": -20, ""long"": 30, ""flag"": ""https://disease.sh/assets/img/flags/zw.png""}",0.3201429632572533,0.10758848670975238,-0.05042169397644503,-0.13708269929797715,-0.17669150236237616,0.021549863154614636,0.9719513889149607,0.006498747930424728,0.16474368858530333
